Requirement ID,Level,Aspect,Text,Interface,Packet,Signal,Content Hash,ICD SHA-256,Config SHA-256
REQ-L3-IF-NAV-STATE-POSITION-EXISTS,L3,EXISTS,The IF-NAV-STATE interface shall provide the POSITION packet over ARINC664.,IF-NAV-STATE,POSITION,,1b4450ac5683,64694945722abe4e3373b72bb34188b6133ba988562de5e4fbd40f81fcc9068a,ddc18101ca72e5c15ee40cb3d73d16c0765e72105e43f9674402e7d848911505
REQ-L3-IF-NAV-STATE-POSITION-DAL,L3,DAL,The IF-NAV-STATE interface shall be developed to DAL A.,IF-NAV-STATE,POSITION,,4dc67cf7fad9,64694945722abe4e3373b72bb34188b6133ba988562de5e4fbd40f81fcc9068a,ddc18101ca72e5c15ee40cb3d73d16c0765e72105e43f9674402e7d848911505
REQ-L3-IF-NAV-STATE-STATUS-EXISTS,L3,EXISTS,The IF-NAV-STATE interface shall provide the STATUS packet over ARINC664.,IF-NAV-STATE,STATUS,,7a1885010556,64694945722abe4e3373b72bb34188b6133ba988562de5e4fbd40f81fcc9068a,ddc18101ca72e5c15ee40cb3d73d16c0765e72105e43f9674402e7d848911505
REQ-L3-IF-NAV-STATE-STATUS-DAL,L3,DAL,The IF-NAV-STATE interface shall be developed to DAL A.,IF-NAV-STATE,STATUS,,4dc67cf7fad9,64694945722abe4e3373b72bb34188b6133ba988562de5e4fbd40f81fcc9068a,ddc18101ca72e5c15ee40cb3d73d16c0765e72105e43f9674402e7d848911505
REQ-L3-IF-NAV-STATE-VELOCITY-EXISTS,L3,EXISTS,The IF-NAV-STATE interface shall provide the VELOCITY packet over ARINC664.,IF-NAV-STATE,VELOCITY,,3ba3a77f7c88,64694945722abe4e3373b72bb34188b6133ba988562de5e4fbd40f81fcc9068a,ddc18101ca72e5c15ee40cb3d73d16c0765e72105e43f9674402e7d848911505
REQ-L3-IF-NAV-STATE-VELOCITY-DAL,L3,DAL,The IF-NAV-STATE interface shall be developed to DAL A.,IF-NAV-STATE,VELOCITY,,4dc67cf7fad9,64694945722abe4e3373b72bb34188b6133ba988562de5e4fbd40f81fcc9068a,ddc18101ca72e5c15ee40cb3d73d16c0765e72105e43f9674402e7d848911505
REQ-L4-IF-NAV-STATE-POSITION-latitude-TYPE,L4,TYPE,The latitude signal shall be encoded as float64.,IF-NAV-STATE,POSITION,latitude,e18d8049a4d6,64694945722abe4e3373b72bb34188b6133ba988562de5e4fbd40f81fcc9068a,ddc18101ca72e5c15ee40cb3d73d16c0765e72105e43f9674402e7d848911505
REQ-L4-IF-NAV-STATE-POSITION-latitude-RANGE,L4,RANGE,"The latitude signal shall represent values in the range [-90, 90] deg.",IF-NAV-STATE,POSITION,latitude,a1fb8e5c05e4,64694945722abe4e3373b72bb34188b6133ba988562de5e4fbd40f81fcc9068a,ddc18101ca72e5c15ee40cb3d73d16c0765e72105e43f9674402e7d848911505
REQ-L4-IF-NAV-STATE-POSITION-longitude-TYPE,L4,TYPE,The longitude signal shall be encoded as float64.,IF-NAV-STATE,POSITION,longitude,57c9fd18aacc,64694945722abe4e3373b72bb34188b6133ba988562de5e4fbd40f81fcc9068a,ddc18101ca72e5c15ee40cb3d73d16c0765e72105e43f9674402e7d848911505
REQ-L4-IF-NAV-STATE-POSITION-longitude-RANGE,L4,RANGE,"The longitude signal shall represent values in the range [-180, 180] deg.",IF-NAV-STATE,POSITION,longitude,4276fc2aa09c,64694945722abe4e3373b72bb34188b6133ba988562de5e4fbd40f81fcc9068a,ddc18101ca72e5c15ee40cb3d73d16c0765e72105e43f9674402e7d848911505
REQ-L4-IF-NAV-STATE-POSITION-altitude_msl-TYPE,L4,TYPE,The altitude_msl signal shall be encoded as float32.,IF-NAV-STATE,POSITION,altitude_msl,c76aacadaca6,64694945722abe4e3373b72bb34188b6133ba988562de5e4fbd40f81fcc9068a,ddc18101ca72e5c15ee40cb3d73d16c0765e72105e43f9674402e7d848911505
REQ-L4-IF-NAV-STATE-POSITION-altitude_msl-RANGE,L4,RANGE,"The altitude_msl signal shall represent values in the range [-500, 8000] m.",IF-NAV-STATE,POSITION,altitude_msl,3e589183d5f3,64694945722abe4e3373b72bb34188b6133ba988562de5e4fbd40f81fcc9068a,ddc18101ca72e5c15ee40cb3d73d16c0765e72105e43f9674402e7d848911505
REQ-L4-IF-NAV-STATE-STATUS-nav_valid-TYPE,L4,TYPE,The nav_valid signal shall be encoded as bool.,IF-NAV-STATE,STATUS,nav_valid,a5a16d332e74,64694945722abe4e3373b72bb34188b6133ba988562de5e4fbd40f81fcc9068a,ddc18101ca72e5c15ee40cb3d73d16c0765e72105e43f9674402e7d848911505
REQ-L4-IF-NAV-STATE-STATUS-nav_valid-RANGE,L4,RANGE,"The nav_valid signal shall represent values in the range [0, 1] .",IF-NAV-STATE,STATUS,nav_valid,f2a4fd2bdf43,64694945722abe4e3373b72bb34188b6133ba988562de5e4fbd40f81fcc9068a,ddc18101ca72e5c15ee40cb3d73d16c0765e72105e43f9674402e7d848911505
REQ-L4-IF-NAV-STATE-STATUS-nav_mode-TYPE,L4,TYPE,The nav_mode signal shall be encoded as enum.,IF-NAV-STATE,STATUS,nav_mode,7b90228be19e,64694945722abe4e3373b72bb34188b6133ba988562de5e4fbd40f81fcc9068a,ddc18101ca72e5c15ee40cb3d73d16c0765e72105e43f9674402e7d848911505
REQ-L4-IF-NAV-STATE-STATUS-nav_mode-RANGE,L4,RANGE,"The nav_mode signal shall represent values in the range [0, 3] .",IF-NAV-STATE,STATUS,nav_mode,a26d506837cc,64694945722abe4e3373b72bb34188b6133ba988562de5e4fbd40f81fcc9068a,ddc18101ca72e5c15ee40cb3d73d16c0765e72105e43f9674402e7d848911505
REQ-L4-IF-NAV-STATE-VELOCITY-vel_north-TYPE,L4,TYPE,The vel_north signal shall be encoded as float32.,IF-NAV-STATE,VELOCITY,vel_north,891b277a4dc9,64694945722abe4e3373b72bb34188b6133ba988562de5e4fbd40f81fcc9068a,ddc18101ca72e5c15ee40cb3d73d16c0765e72105e43f9674402e7d848911505
REQ-L4-IF-NAV-STATE-VELOCITY-vel_north-RANGE,L4,RANGE,"The vel_north signal shall represent values in the range [-100, 100] m/s.",IF-NAV-STATE,VELOCITY,vel_north,5bf8f5d5c1bf,64694945722abe4e3373b72bb34188b6133ba988562de5e4fbd40f81fcc9068a,ddc18101ca72e5c15ee40cb3d73d16c0765e72105e43f9674402e7d848911505
REQ-L4-IF-NAV-STATE-VELOCITY-vel_east-TYPE,L4,TYPE,The vel_east signal shall be encoded as float32.,IF-NAV-STATE,VELOCITY,vel_east,69386c5ead32,64694945722abe4e3373b72bb34188b6133ba988562de5e4fbd40f81fcc9068a,ddc18101ca72e5c15ee40cb3d73d16c0765e72105e43f9674402e7d848911505
REQ-L4-IF-NAV-STATE-VELOCITY-vel_east-RANGE,L4,RANGE,"The vel_east signal shall represent values in the range [-100, 100] m/s.",IF-NAV-STATE,VELOCITY,vel_east,cbd9bde21838,64694945722abe4e3373b72bb34188b6133ba988562de5e4fbd40f81fcc9068a,ddc18101ca72e5c15ee40cb3d73d16c0765e72105e43f9674402e7d848911505
REQ-L4-IF-NAV-STATE-VELOCITY-vel_down-TYPE,L4,TYPE,The vel_down signal shall be encoded as float32.,IF-NAV-STATE,VELOCITY,vel_down,85493bb6ac65,64694945722abe4e3373b72bb34188b6133ba988562de5e4fbd40f81fcc9068a,ddc18101ca72e5c15ee40cb3d73d16c0765e72105e43f9674402e7d848911505
REQ-L4-IF-NAV-STATE-VELOCITY-vel_down-RANGE,L4,RANGE,"The vel_down signal shall represent values in the range [-30, 30] m/s.",IF-NAV-STATE,VELOCITY,vel_down,2317f9d75bce,64694945722abe4e3373b72bb34188b6133ba988562de5e4fbd40f81fcc9068a,ddc18101ca72e5c15ee40cb3d73d16c0765e72105e43f9674402e7d848911505
REQ-L4-IF-NAV-STATE-VELOCITY-ground_speed-TYPE,L4,TYPE,The ground_speed signal shall be encoded as float32.,IF-NAV-STATE,VELOCITY,ground_speed,8fda2508cd5e,64694945722abe4e3373b72bb34188b6133ba988562de5e4fbd40f81fcc9068a,ddc18101ca72e5c15ee40cb3d73d16c0765e72105e43f9674402e7d848911505
REQ-L4-IF-NAV-STATE-VELOCITY-ground_speed-RANGE,L4,RANGE,"The ground_speed signal shall represent values in the range [0, 140] m/s.",IF-NAV-STATE,VELOCITY,ground_speed,c2ddb3041b19,64694945722abe4e3373b72bb34188b6133ba988562de5e4fbd40f81fcc9068a,ddc18101ca72e5c15ee40cb3d73d16c0765e72105e43f9674402e7d848911505
REQ-L3-IF-FCC-MOTOR-CMD-ROTOR_CMD-EXISTS,L3,EXISTS,The IF-FCC-MOTOR-CMD interface shall provide the ROTOR_CMD packet over ARINC429.,IF-FCC-MOTOR-CMD,ROTOR_CMD,,0bbbc5c54b45,64694945722abe4e3373b72bb34188b6133ba988562de5e4fbd40f81fcc9068a,ddc18101ca72e5c15ee40cb3d73d16c0765e72105e43f9674402e7d848911505
REQ-L3-IF-FCC-MOTOR-CMD-ROTOR_CMD-DAL,L3,DAL,The IF-FCC-MOTOR-CMD interface shall be developed to DAL A.,IF-FCC-MOTOR-CMD,ROTOR_CMD,,8dabb0cc0687,64694945722abe4e3373b72bb34188b6133ba988562de5e4fbd40f81fcc9068a,ddc18101ca72e5c15ee40cb3d73d16c0765e72105e43f9674402e7d848911505
REQ-L4-IF-FCC-MOTOR-CMD-ROTOR_CMD-rotor_speed_cmd-TYPE,L4,TYPE,The rotor_speed_cmd signal shall be encoded as uint16.,IF-FCC-MOTOR-CMD,ROTOR_CMD,rotor_speed_cmd,0182e2ece785,64694945722abe4e3373b72bb34188b6133ba988562de5e4fbd40f81fcc9068a,ddc18101ca72e5c15ee40cb3d73d16c0765e72105e43f9674402e7d848911505
REQ-L4-IF-FCC-MOTOR-CMD-ROTOR_CMD-rotor_speed_cmd-RANGE,L4,RANGE,"The rotor_speed_cmd signal shall represent values in the range [0, 6000] rpm.",IF-FCC-MOTOR-CMD,ROTOR_CMD,rotor_speed_cmd,723136e68ffb,64694945722abe4e3373b72bb34188b6133ba988562de5e4fbd40f81fcc9068a,ddc18101ca72e5c15ee40cb3d73d16c0765e72105e43f9674402e7d848911505
REQ-L4-IF-FCC-MOTOR-CMD-ROTOR_CMD-torque_limit-TYPE,L4,TYPE,The torque_limit signal shall be encoded as int16.,IF-FCC-MOTOR-CMD,ROTOR_CMD,torque_limit,023eda05df8c,64694945722abe4e3373b72bb34188b6133ba988562de5e4fbd40f81fcc9068a,ddc18101ca72e5c15ee40cb3d73d16c0765e72105e43f9674402e7d848911505
REQ-L4-IF-FCC-MOTOR-CMD-ROTOR_CMD-torque_limit-RANGE,L4,RANGE,"The torque_limit signal shall represent values in the range [-400, 500] N*m.",IF-FCC-MOTOR-CMD,ROTOR_CMD,torque_limit,96ea8e78b0df,64694945722abe4e3373b72bb34188b6133ba988562de5e4fbd40f81fcc9068a,ddc18101ca72e5c15ee40cb3d73d16c0765e72105e43f9674402e7d848911505
REQ-L3-IF-AHRS-ATTITUDE-EXISTS,L3,EXISTS,The IF-AHRS interface shall provide the ATTITUDE packet over ARINC429.,IF-AHRS,ATTITUDE,,8bf58fc32522,64694945722abe4e3373b72bb34188b6133ba988562de5e4fbd40f81fcc9068a,ddc18101ca72e5c15ee40cb3d73d16c0765e72105e43f9674402e7d848911505
REQ-L3-IF-AHRS-ATTITUDE-DAL,L3,DAL,The IF-AHRS interface shall be developed to DAL A.,IF-AHRS,ATTITUDE,,1d5ad94184de,64694945722abe4e3373b72bb34188b6133ba988562de5e4fbd40f81fcc9068a,ddc18101ca72e5c15ee40cb3d73d16c0765e72105e43f9674402e7d848911505
REQ-L4-IF-AHRS-ATTITUDE-roll-TYPE,L4,TYPE,The roll signal shall be encoded as float32.,IF-AHRS,ATTITUDE,roll,db9339cbd996,64694945722abe4e3373b72bb34188b6133ba988562de5e4fbd40f81fcc9068a,ddc18101ca72e5c15ee40cb3d73d16c0765e72105e43f9674402e7d848911505
REQ-L4-IF-AHRS-ATTITUDE-roll-RANGE,L4,RANGE,"The roll signal shall represent values in the range [-180, 180] deg.",IF-AHRS,ATTITUDE,roll,c74341dc9a0f,64694945722abe4e3373b72bb34188b6133ba988562de5e4fbd40f81fcc9068a,ddc18101ca72e5c15ee40cb3d73d16c0765e72105e43f9674402e7d848911505
REQ-L4-IF-AHRS-ATTITUDE-pitch-TYPE,L4,TYPE,The pitch signal shall be encoded as float32.,IF-AHRS,ATTITUDE,pitch,7ca10591dc07,64694945722abe4e3373b72bb34188b6133ba988562de5e4fbd40f81fcc9068a,ddc18101ca72e5c15ee40cb3d73d16c0765e72105e43f9674402e7d848911505
REQ-L4-IF-AHRS-ATTITUDE-pitch-RANGE,L4,RANGE,"The pitch signal shall represent values in the range [-90, 90] deg.",IF-AHRS,ATTITUDE,pitch,2743d840fa3f,64694945722abe4e3373b72bb34188b6133ba988562de5e4fbd40f81fcc9068a,ddc18101ca72e5c15ee40cb3d73d16c0765e72105e43f9674402e7d848911505
REQ-L4-IF-AHRS-ATTITUDE-yaw-TYPE,L4,TYPE,The yaw signal shall be encoded as float32.,IF-AHRS,ATTITUDE,yaw,9548a9888b02,64694945722abe4e3373b72bb34188b6133ba988562de5e4fbd40f81fcc9068a,ddc18101ca72e5c15ee40cb3d73d16c0765e72105e43f9674402e7d848911505
REQ-L4-IF-AHRS-ATTITUDE-yaw-RANGE,L4,RANGE,"The yaw signal shall represent values in the range [0, 360] deg.",IF-AHRS,ATTITUDE,yaw,52d92c1e4083,64694945722abe4e3373b72bb34188b6133ba988562de5e4fbd40f81fcc9068a,ddc18101ca72e5c15ee40cb3d73d16c0765e72105e43f9674402e7d848911505
REQ-L4-IF-AHRS-ATTITUDE-roll_rate-TYPE,L4,TYPE,The roll_rate signal shall be encoded as float32.,IF-AHRS,ATTITUDE,roll_rate,d2c234846bf1,64694945722abe4e3373b72bb34188b6133ba988562de5e4fbd40f81fcc9068a,ddc18101ca72e5c15ee40cb3d73d16c0765e72105e43f9674402e7d848911505
REQ-L4-IF-AHRS-ATTITUDE-roll_rate-RANGE,L4,RANGE,"The roll_rate signal shall represent values in the range [-300, 300] deg/s.",IF-AHRS,ATTITUDE,roll_rate,f8bd55f19945,64694945722abe4e3373b72bb34188b6133ba988562de5e4fbd40f81fcc9068a,ddc18101ca72e5c15ee40cb3d73d16c0765e72105e43f9674402e7d848911505
REQ-L4-IF-AHRS-ATTITUDE-pitch_rate-TYPE,L4,TYPE,The pitch_rate signal shall be encoded as float32.,IF-AHRS,ATTITUDE,pitch_rate,316db066f61b,64694945722abe4e3373b72bb34188b6133ba988562de5e4fbd40f81fcc9068a,ddc18101ca72e5c15ee40cb3d73d16c0765e72105e43f9674402e7d848911505
REQ-L4-IF-AHRS-ATTITUDE-pitch_rate-RANGE,L4,RANGE,"The pitch_rate signal shall represent values in the range [-300, 300] deg/s.",IF-AHRS,ATTITUDE,pitch_rate,83ae96c7b11c,64694945722abe4e3373b72bb34188b6133ba988562de5e4fbd40f81fcc9068a,ddc18101ca72e5c15ee40cb3d73d16c0765e72105e43f9674402e7d848911505
REQ-L4-IF-AHRS-ATTITUDE-yaw_rate-TYPE,L4,TYPE,The yaw_rate signal shall be encoded as float32.,IF-AHRS,ATTITUDE,yaw_rate,9c65c47da703,64694945722abe4e3373b72bb34188b6133ba988562de5e4fbd40f81fcc9068a,ddc18101ca72e5c15ee40cb3d73d16c0765e72105e43f9674402e7d848911505
REQ-L4-IF-AHRS-ATTITUDE-yaw_rate-RANGE,L4,RANGE,"The yaw_rate signal shall represent values in the range [-200, 200] deg/s.",IF-AHRS,ATTITUDE,yaw_rate,76644956086d,64694945722abe4e3373b72bb34188b6133ba988562de5e4fbd40f81fcc9068a,ddc18101ca72e5c15ee40cb3d73d16c0765e72105e43f9674402e7d848911505
REQ-L3-IF-MOTOR-TELEM-MOTOR_TELEMETRY-EXISTS,L3,EXISTS,The IF-MOTOR-TELEM interface shall provide the MOTOR_TELEMETRY packet over ARINC429.,IF-MOTOR-TELEM,MOTOR_TELEMETRY,,e8fc16f310e3,64694945722abe4e3373b72bb34188b6133ba988562de5e4fbd40f81fcc9068a,ddc18101ca72e5c15ee40cb3d73d16c0765e72105e43f9674402e7d848911505
REQ-L3-IF-MOTOR-TELEM-MOTOR_TELEMETRY-DAL,L3,DAL,The IF-MOTOR-TELEM interface shall be developed to DAL B.,IF-MOTOR-TELEM,MOTOR_TELEMETRY,,033ee542b489,64694945722abe4e3373b72bb34188b6133ba988562de5e4fbd40f81fcc9068a,ddc18101ca72e5c15ee40cb3d73d16c0765e72105e43f9674402e7d848911505
REQ-L4-IF-MOTOR-TELEM-MOTOR_TELEMETRY-motor_temp_1-TYPE,L4,TYPE,The motor_temp_1 signal shall be encoded as int16.,IF-MOTOR-TELEM,MOTOR_TELEMETRY,motor_temp_1,10c3f181cd22,64694945722abe4e3373b72bb34188b6133ba988562de5e4fbd40f81fcc9068a,ddc18101ca72e5c15ee40cb3d73d16c0765e72105e43f9674402e7d848911505
REQ-L4-IF-MOTOR-TELEM-MOTOR_TELEMETRY-motor_temp_1-RANGE,L4,RANGE,"The motor_temp_1 signal shall represent values in the range [-40, 200] degC.",IF-MOTOR-TELEM,MOTOR_TELEMETRY,motor_temp_1,a8b54d655a11,64694945722abe4e3373b72bb34188b6133ba988562de5e4fbd40f81fcc9068a,ddc18101ca72e5c15ee40cb3d73d16c0765e72105e43f9674402e7d848911505
REQ-L4-IF-MOTOR-TELEM-MOTOR_TELEMETRY-motor_temp_2-TYPE,L4,TYPE,The motor_temp_2 signal shall be encoded as int16.,IF-MOTOR-TELEM,MOTOR_TELEMETRY,motor_temp_2,54e61bbedb74,64694945722abe4e3373b72bb34188b6133ba988562de5e4fbd40f81fcc9068a,ddc18101ca72e5c15ee40cb3d73d16c0765e72105e43f9674402e7d848911505
REQ-L4-IF-MOTOR-TELEM-MOTOR_TELEMETRY-motor_temp_2-RANGE,L4,RANGE,"The motor_temp_2 signal shall represent values in the range [-40, 200] degC.",IF-MOTOR-TELEM,MOTOR_TELEMETRY,motor_temp_2,e2ebd59edcb1,64694945722abe4e3373b72bb34188b6133ba988562de5e4fbd40f81fcc9068a,ddc18101ca72e5c15ee40cb3d73d16c0765e72105e43f9674402e7d848911505
REQ-L4-IF-MOTOR-TELEM-MOTOR_TELEMETRY-motor_temp_3-TYPE,L4,TYPE,The motor_temp_3 signal shall be encoded as int16.,IF-MOTOR-TELEM,MOTOR_TELEMETRY,motor_temp_3,90c2b2a67aaa,64694945722abe4e3373b72bb34188b6133ba988562de5e4fbd40f81fcc9068a,ddc18101ca72e5c15ee40cb3d73d16c0765e72105e43f9674402e7d848911505
REQ-L4-IF-MOTOR-TELEM-MOTOR_TELEMETRY-motor_temp_3-RANGE,L4,RANGE,"The motor_temp_3 signal shall represent values in the range [-40, 200] degC.",IF-MOTOR-TELEM,MOTOR_TELEMETRY,motor_temp_3,6367ab87fef6,64694945722abe4e3373b72bb34188b6133ba988562de5e4fbd40f81fcc9068a,ddc18101ca72e5c15ee40cb3d73d16c0765e72105e43f9674402e7d848911505
REQ-L4-IF-MOTOR-TELEM-MOTOR_TELEMETRY-motor_temp_4-TYPE,L4,TYPE,The motor_temp_4 signal shall be encoded as int16.,IF-MOTOR-TELEM,MOTOR_TELEMETRY,motor_temp_4,07f10eab4169,64694945722abe4e3373b72bb34188b6133ba988562de5e4fbd40f81fcc9068a,ddc18101ca72e5c15ee40cb3d73d16c0765e72105e43f9674402e7d848911505
REQ-L4-IF-MOTOR-TELEM-MOTOR_TELEMETRY-motor_temp_4-RANGE,L4,RANGE,"The motor_temp_4 signal shall represent values in the range [-40, 200] degC.",IF-MOTOR-TELEM,MOTOR_TELEMETRY,motor_temp_4,c91580d66610,64694945722abe4e3373b72bb34188b6133ba988562de5e4fbd40f81fcc9068a,ddc18101ca72e5c15ee40cb3d73d16c0765e72105e43f9674402e7d848911505
REQ-L4-IF-MOTOR-TELEM-MOTOR_TELEMETRY-motor_rpm_fb-TYPE,L4,TYPE,The motor_rpm_fb signal shall be encoded as uint16.,IF-MOTOR-TELEM,MOTOR_TELEMETRY,motor_rpm_fb,28b1b3ff0b6f,64694945722abe4e3373b72bb34188b6133ba988562de5e4fbd40f81fcc9068a,ddc18101ca72e5c15ee40cb3d73d16c0765e72105e43f9674402e7d848911505
REQ-L4-IF-MOTOR-TELEM-MOTOR_TELEMETRY-motor_rpm_fb-RANGE,L4,RANGE,"The motor_rpm_fb signal shall represent values in the range [0, 6000] rpm.",IF-MOTOR-TELEM,MOTOR_TELEMETRY,motor_rpm_fb,856995aa3740,64694945722abe4e3373b72bb34188b6133ba988562de5e4fbd40f81fcc9068a,ddc18101ca72e5c15ee40cb3d73d16c0765e72105e43f9674402e7d848911505
REQ-L4-IF-MOTOR-TELEM-MOTOR_TELEMETRY-inverter_temp-TYPE,L4,TYPE,The inverter_temp signal shall be encoded as int16.,IF-MOTOR-TELEM,MOTOR_TELEMETRY,inverter_temp,7cfb5c9aad3d,64694945722abe4e3373b72bb34188b6133ba988562de5e4fbd40f81fcc9068a,ddc18101ca72e5c15ee40cb3d73d16c0765e72105e43f9674402e7d848911505
REQ-L4-IF-MOTOR-TELEM-MOTOR_TELEMETRY-inverter_temp-RANGE,L4,RANGE,"The inverter_temp signal shall represent values in the range [-40, 150] degC.",IF-MOTOR-TELEM,MOTOR_TELEMETRY,inverter_temp,605a571db222,64694945722abe4e3373b72bb34188b6133ba988562de5e4fbd40f81fcc9068a,ddc18101ca72e5c15ee40cb3d73d16c0765e72105e43f9674402e7d848911505
REQ-L3-IF-ENV-AIR_DATA-EXISTS,L3,EXISTS,The IF-ENV interface shall provide the AIR_DATA packet over CAN.,IF-ENV,AIR_DATA,,27efc9bbd9bc,64694945722abe4e3373b72bb34188b6133ba988562de5e4fbd40f81fcc9068a,ddc18101ca72e5c15ee40cb3d73d16c0765e72105e43f9674402e7d848911505
REQ-L3-IF-ENV-AIR_DATA-DAL,L3,DAL,The IF-ENV interface shall be developed to DAL D.,IF-ENV,AIR_DATA,,a59b5e396c9f,64694945722abe4e3373b72bb34188b6133ba988562de5e4fbd40f81fcc9068a,ddc18101ca72e5c15ee40cb3d73d16c0765e72105e43f9674402e7d848911505
REQ-L4-IF-ENV-AIR_DATA-oat-TYPE,L4,TYPE,The oat signal shall be encoded as int16.,IF-ENV,AIR_DATA,oat,a3246f577e90,64694945722abe4e3373b72bb34188b6133ba988562de5e4fbd40f81fcc9068a,ddc18101ca72e5c15ee40cb3d73d16c0765e72105e43f9674402e7d848911505
REQ-L4-IF-ENV-AIR_DATA-oat-RANGE,L4,RANGE,"The oat signal shall represent values in the range [-60, 60] degC.",IF-ENV,AIR_DATA,oat,10dfb338cadd,64694945722abe4e3373b72bb34188b6133ba988562de5e4fbd40f81fcc9068a,ddc18101ca72e5c15ee40cb3d73d16c0765e72105e43f9674402e7d848911505
REQ-L4-IF-ENV-AIR_DATA-static_pressure-TYPE,L4,TYPE,The static_pressure signal shall be encoded as uint16.,IF-ENV,AIR_DATA,static_pressure,439d0ca65f4d,64694945722abe4e3373b72bb34188b6133ba988562de5e4fbd40f81fcc9068a,ddc18101ca72e5c15ee40cb3d73d16c0765e72105e43f9674402e7d848911505
REQ-L4-IF-ENV-AIR_DATA-static_pressure-RANGE,L4,RANGE,"The static_pressure signal shall represent values in the range [300, 1100] hPa.",IF-ENV,AIR_DATA,static_pressure,8e7535186c91,64694945722abe4e3373b72bb34188b6133ba988562de5e4fbd40f81fcc9068a,ddc18101ca72e5c15ee40cb3d73d16c0765e72105e43f9674402e7d848911505
REQ-L4-IF-ENV-AIR_DATA-baro_alt-TYPE,L4,TYPE,The baro_alt signal shall be encoded as float32.,IF-ENV,AIR_DATA,baro_alt,db1239098bee,64694945722abe4e3373b72bb34188b6133ba988562de5e4fbd40f81fcc9068a,ddc18101ca72e5c15ee40cb3d73d16c0765e72105e43f9674402e7d848911505
REQ-L4-IF-ENV-AIR_DATA-baro_alt-RANGE,L4,RANGE,"The baro_alt signal shall represent values in the range [-500, 8000] m.",IF-ENV,AIR_DATA,baro_alt,3a3f1f5c2bc7,64694945722abe4e3373b72bb34188b6133ba988562de5e4fbd40f81fcc9068a,ddc18101ca72e5c15ee40cb3d73d16c0765e72105e43f9674402e7d848911505
REQ-L3-IF-BMS-CAN-PACK_TELEMETRY-EXISTS,L3,EXISTS,The IF-BMS-CAN interface shall provide the PACK_TELEMETRY packet over CAN.,IF-BMS-CAN,PACK_TELEMETRY,,aa5d624e107a,64694945722abe4e3373b72bb34188b6133ba988562de5e4fbd40f81fcc9068a,ddc18101ca72e5c15ee40cb3d73d16c0765e72105e43f9674402e7d848911505
REQ-L3-IF-BMS-CAN-PACK_TELEMETRY-DAL,L3,DAL,The IF-BMS-CAN interface shall be developed to DAL C.,IF-BMS-CAN,PACK_TELEMETRY,,a0e395db093c,64694945722abe4e3373b72bb34188b6133ba988562de5e4fbd40f81fcc9068a,ddc18101ca72e5c15ee40cb3d73d16c0765e72105e43f9674402e7d848911505
REQ-L3-IF-BMS-CAN-CELL_HEALTH-EXISTS,L3,EXISTS,The IF-BMS-CAN interface shall provide the CELL_HEALTH packet over CAN.,IF-BMS-CAN,CELL_HEALTH,,bab78ccad744,64694945722abe4e3373b72bb34188b6133ba988562de5e4fbd40f81fcc9068a,ddc18101ca72e5c15ee40cb3d73d16c0765e72105e43f9674402e7d848911505
REQ-L3-IF-BMS-CAN-CELL_HEALTH-DAL,L3,DAL,The IF-BMS-CAN interface shall be developed to DAL C.,IF-BMS-CAN,CELL_HEALTH,,a0e395db093c,64694945722abe4e3373b72bb34188b6133ba988562de5e4fbd40f81fcc9068a,ddc18101ca72e5c15ee40cb3d73d16c0765e72105e43f9674402e7d848911505
REQ-L4-IF-BMS-CAN-PACK_TELEMETRY-pack_voltage-TYPE,L4,TYPE,The pack_voltage signal shall be encoded as uint16.,IF-BMS-CAN,PACK_TELEMETRY,pack_voltage,39ab3fc2c1b5,64694945722abe4e3373b72bb34188b6133ba988562de5e4fbd40f81fcc9068a,ddc18101ca72e5c15ee40cb3d73d16c0765e72105e43f9674402e7d848911505
REQ-L4-IF-BMS-CAN-PACK_TELEMETRY-pack_voltage-RANGE,L4,RANGE,"The pack_voltage signal shall represent values in the range [0, 900] V.",IF-BMS-CAN,PACK_TELEMETRY,pack_voltage,1f7082aa41e7,64694945722abe4e3373b72bb34188b6133ba988562de5e4fbd40f81fcc9068a,ddc18101ca72e5c15ee40cb3d73d16c0765e72105e43f9674402e7d848911505
REQ-L4-IF-BMS-CAN-PACK_TELEMETRY-pack_current-TYPE,L4,TYPE,The pack_current signal shall be encoded as int16.,IF-BMS-CAN,PACK_TELEMETRY,pack_current,ffbb46b3c23b,64694945722abe4e3373b72bb34188b6133ba988562de5e4fbd40f81fcc9068a,ddc18101ca72e5c15ee40cb3d73d16c0765e72105e43f9674402e7d848911505
REQ-L4-IF-BMS-CAN-PACK_TELEMETRY-pack_current-RANGE,L4,RANGE,"The pack_current signal shall represent values in the range [-600, 600] A.",IF-BMS-CAN,PACK_TELEMETRY,pack_current,cc4069f383f6,64694945722abe4e3373b72bb34188b6133ba988562de5e4fbd40f81fcc9068a,ddc18101ca72e5c15ee40cb3d73d16c0765e72105e43f9674402e7d848911505
REQ-L4-IF-BMS-CAN-CELL_HEALTH-cell_temp_max-TYPE,L4,TYPE,The cell_temp_max signal shall be encoded as int16.,IF-BMS-CAN,CELL_HEALTH,cell_temp_max,220d2d0bda19,64694945722abe4e3373b72bb34188b6133ba988562de5e4fbd40f81fcc9068a,ddc18101ca72e5c15ee40cb3d73d16c0765e72105e43f9674402e7d848911505
REQ-L4-IF-BMS-CAN-CELL_HEALTH-cell_temp_max-RANGE,L4,RANGE,"The cell_temp_max signal shall represent values in the range [-40, 120] degC.",IF-BMS-CAN,CELL_HEALTH,cell_temp_max,9355a6dc6d2b,64694945722abe4e3373b72bb34188b6133ba988562de5e4fbd40f81fcc9068a,ddc18101ca72e5c15ee40cb3d73d16c0765e72105e43f9674402e7d848911505
REQ-L4-IF-BMS-CAN-CELL_HEALTH-cell_volt_min-TYPE,L4,TYPE,The cell_volt_min signal shall be encoded as uint16.,IF-BMS-CAN,CELL_HEALTH,cell_volt_min,7f2ec09a2388,64694945722abe4e3373b72bb34188b6133ba988562de5e4fbd40f81fcc9068a,ddc18101ca72e5c15ee40cb3d73d16c0765e72105e43f9674402e7d848911505
REQ-L4-IF-BMS-CAN-CELL_HEALTH-cell_volt_min-RANGE,L4,RANGE,"The cell_volt_min signal shall represent values in the range [0, 5] V.",IF-BMS-CAN,CELL_HEALTH,cell_volt_min,c117ce7eedc1,64694945722abe4e3373b72bb34188b6133ba988562de5e4fbd40f81fcc9068a,ddc18101ca72e5c15ee40cb3d73d16c0765e72105e43f9674402e7d848911505
REQ-L4-IF-BMS-CAN-CELL_HEALTH-soc_estimate-TYPE,L4,TYPE,The soc_estimate signal shall be encoded as uint8.,IF-BMS-CAN,CELL_HEALTH,soc_estimate,9636122173c1,64694945722abe4e3373b72bb34188b6133ba988562de5e4fbd40f81fcc9068a,ddc18101ca72e5c15ee40cb3d73d16c0765e72105e43f9674402e7d848911505
REQ-L4-IF-BMS-CAN-CELL_HEALTH-soc_estimate-RANGE,L4,RANGE,"The soc_estimate signal shall represent values in the range [0, 100] %.",IF-BMS-CAN,CELL_HEALTH,soc_estimate,ce25636d011d,64694945722abe4e3373b72bb34188b6133ba988562de5e4fbd40f81fcc9068a,ddc18101ca72e5c15ee40cb3d73d16c0765e72105e43f9674402e7d848911505
